{
  "input": "runs/20260717_125935_jetson_go2_x5_motion_pilot/x5/motion_45s_frame.jpg",
  "input_shape": [
    1920,
    3840,
    3
  ],
  "panorama_shape": [
    640,
    1280,
    3
  ],
  "face_shapes": {
    "F": [
      512,
      512,
      3
    ],
    "R": [
      512,
      512,
      3
    ],
    "B": [
      512,
      512,
      3
    ],
    "L": [
      512,
      512,
      3
    ],
    "U": [
      512,
      512,
      3
    ],
    "D": [
      512,
      512,
      3
    ]
  },
  "repeat": 6,
  "mean_ms": 62.047123166848905,
  "p95_ms": 108.14704124959462,
  "fps": 16.116782680011326
}